% pwm donor log2(PA/0.25)	log2(PC/0.25)	log2(PG/0.25)	log2(PT/0.25)
-100.000000	-100.000000	2.000000	-100.000000
-100.000000	-100.000000	-100.000000	2.000000
1.228586	-4.119314	0.020311	-0.773710
1.472336	-2.153447	-1.285514	-0.760497
-1.427684	-2.833114	1.616029	-1.242488
% ppm donor PA	PC	PG	PT
0.000000    0.000000    1.000000    0.000000 
0.000000    0.000000    0.000000    1.000000 
0.593853    0.015368    0.198683    0.192097 
0.690450    0.060373    0.087816    0.161361 
0.094402    0.036224    0.734358    0.135016 