% pwm donor log2(PA/0.25)	log2(PC/0.25)	log2(PG/0.25)	log2(PT/0.25)
-100.000000	-100.000000	2.000000	-100.000000
-100.000000	-100.000000	-100.000000	2.000000
1.228586	-4.119314	0.020311	-0.773710
1.472336	-2.153447	-1.285514	-0.760497
-1.427684	-2.833114	1.616029	-1.242488
% ppm donor PA	PC	PG	PT
0.000000	0.000000	1.000000	0.000000
0.000000	0.000000	0.000000	1.000000
0.585843	0.014385	0.253544	0.146228
0.693677	0.056194	0.102556	0.147573
0.092932	0.035082	0.766325	0.105661
